name,mse,r2,score
Random Forest,0.3334407527373098,0.21371664868132734,0.6409433967709907
SVR,0.4744129189047493,-0.11870842637874479,-0.2502217406996427
XGBoost,0.5313983753715552,-0.25308526939902176,-0.47626278349470647
