name,mse,r2,score
Random Forest,0.20735757295602908,0.37394568088077074,1.8033856952987546
SVR,0.1921618744751754,0.4866803844689569,2.53265839437796
XGBoost,0.2315436326637103,0.3814803856269037,1.6475529093082804
